{"cameraMode":{"drawMode":0,"name":"Shaded","section":"Shading Mode"},"sceneLighting":false,"audioPlay":false,"sceneViewState":{"showFog":true,"showMaterialUpdate":false,"showSkybox":true,"showFlares":true,"showImageEffects":true,"showParticleSystems":true},"in2DMode":false,"pivot":{"x":-22.50048828125,"y":0.7177734375,"z":4.064208984375},"rotation":{"x":-0.15350893139839173,"y":0.3281097710132599,"z":-0.05412904545664787,"w":-0.9305119514465332},"size":31.69050407409668,"orthographic":true}